{
  "main": {
    "id": "73c91d6b1b60e685",
    "type": "split",
    "children": [
      {
        "id": "529ac2f242226d85",
        "type": "tabs",
        "children": [
          {
            "id": "3d49855b0f5dbb3e",
            "type": "leaf",
            "state": {
              "type": "markdown",
              "state": {
                "file": "Git-Proyecto de Bandera/PROYECTO BANDERA.md",
                "mode": "source",
                "source": false
              },
              "icon": "lucide-file",
              "title": "PROYECTO BANDERA"
            }
          }
        ]
      }
    ],
    "direction": "vertical"
  },
  "left": {
    "id": "a11a0a8473a799a8",
    "type": "split",
    "children": [
      {
        "id": "9da417399fc61b21",
        "type": "tabs",
        "children": [
          {
            "id": "3eab896c37ba4baa",
            "type": "leaf",
            "state": {
              "type": "file-explorer",
              "state": {
                "sortOrder": "alphabetical",
                "autoReveal": false
              },
              "icon": "lucide-folder-closed",
              "title": "Explorador de archivos"
            }
          },
          {
            "id": "2fcb8e6e811b0fb9",
            "type": "leaf",
            "state": {
              "type": "search",
              "state": {
                "query": "",
                "matchingCase": false,
                "explainSearch": false,
                "collapseAll": false,
                "extraContext": false,
                "sortOrder": "alphabetical"
              },
              "icon": "lucide-search",
              "title": "Buscar"
            }
          },
          {
            "id": "ec036363ac68914d",
            "type": "leaf",
            "state": {
              "type": "bookmarks",
              "state": {},
              "icon": "lucide-bookmark",
              "title": "Marcadores"
            }
          }
        ]
      }
    ],
    "direction": "horizontal",
    "width": 200
  },
  "right": {
    "id": "ba06693d399aad0a",
    "type": "split",
    "children": [
      {
        "id": "6e341aeaed187c9f",
        "type": "tabs",
        "children": [
          {
            "id": "7c68147b107521eb",
            "type": "leaf",
            "state": {
              "type": "backlink",
              "state": {
                "collapseAll": false,
                "extraContext": false,
                "sortOrder": "alphabetical",
                "showSearch": false,
                "searchQuery": "",
                "backlinkCollapsed": false,
                "unlinkedCollapsed": true
              },
              "icon": "links-coming-in",
              "title": "Enlaces entrantes"
            }
          },
          {
            "id": "8d98984a73b23986",
            "type": "leaf",
            "state": {
              "type": "outgoing-link",
              "state": {
                "linksCollapsed": false,
                "unlinkedCollapsed": true
              },
              "icon": "links-going-out",
              "title": "Enlaces salientes"
            }
          },
          {
            "id": "78ffbcea10d884b7",
            "type": "leaf",
            "state": {
              "type": "tag",
              "state": {
                "sortOrder": "frequency",
                "useHierarchy": true,
                "showSearch": false,
                "searchQuery": ""
              },
              "icon": "lucide-tags",
              "title": "Etiquetas"
            }
          },
          {
            "id": "58db9744400fc622",
            "type": "leaf",
            "state": {
              "type": "outline",
              "state": {
                "followCursor": false,
                "showSearch": false,
                "searchQuery": ""
              },
              "icon": "lucide-list",
              "title": "Esquema"
            }
          }
        ]
      }
    ],
    "direction": "horizontal",
    "width": 300,
    "collapsed": true
  },
  "left-ribbon": {
    "hiddenItems": {
      "switcher:Abrir selector rápido": false,
      "graph:Abrir vista gráfica": false,
      "canvas:Crear nuevo lienzo": false,
      "daily-notes:Abrir la nota de hoy": false,
      "templates:Insertar plantilla": false,
      "command-palette:Abrir paleta de comandos": false,
      "bases:Crear nueva base": false
    }
  },
  "active": "3d49855b0f5dbb3e",
  "lastOpenFiles": [
    "Instalacion servidor/Instalacion servidor.md",
    "Repositorio para Git Hub/Repositorio Git hub.md",
    "Snap/SNAP.md",
    "Instalacion servidor",
    "Snap",
    "Examen_Practico/Actividad 47-A.md",
    "Git-Proyecto de Bandera/PROYECTO BANDERA.md",
    "Repositorio para Git Hub",
    "Sin título.md",
    "Git-Proyecto de Bandera",
    "Instalacion de PHPAdmin/Sin nombre/S.md",
    "2025-11-19.md",
    "Sin título.canvas",
    "Sin título.base",
    "Bienvenido.md",
    "Sin título 2.base",
    "Examen_Practico",
    "Sin título 1.base",
    "Instalacion de PHPAdmin/Sin nombre/Sin título.base",
    "Instalacion de PHPAdmin/Sin nombre/Sin título.canvas",
    "Instalacion de PHPAdmin/Sin nombre",
    "Instalacion de PHPAdmin/Sin título.md"
  ]
}